self,pid,command,shared_obj,symbol
4839267658.0,3630138,python,python,visit_reachable
4660248017.0,3630138,python,python,visit_decref
4112420966.0,3630172,python,python,visit_reachable
4109785728.0,3630195,python,python,visit_reachable
4089863766.0,3630184,python,python,visit_reachable
4068150167.0,3630206,python,python,visit_reachable
4044268121.0,3630150,python,python,visit_reachable
3971477269.0,3630195,python,python,visit_decref
3905334840.0,3630184,python,python,visit_decref
3886494255.0,3630206,python,python,visit_decref
3851879154.0,3630150,python,python,visit_decref
3844406817.0,3630172,python,python,visit_decref
1994339302.0,3630138,python,python,list_traverse
1752972213.0,3630206,python,python,list_traverse
1746133107.0,3630172,python,python,list_traverse
1743127571.0,3630150,python,python,list_traverse
1703427683.0,3630138,python,python,gc_collect_main
1686659458.0,3630184,python,python,list_traverse
1671084140.0,3630195,python,python,list_traverse
1460962188.0,3630184,python,python,gc_collect_main
1440813947.0,3630172,python,python,gc_collect_main
1429517664.0,3630195,python,python,gc_collect_main
1414323780.0,3630206,python,python,gc_collect_main
1342651022.0,3630150,python,python,gc_collect_main
607929904.0,3630138,python,python,dict_traverse
526110138.0,3630172,python,python,dict_traverse
525709514.0,3630195,python,python,dict_traverse
518735327.0,3630150,python,python,dict_traverse
500217011.0,3630184,python,python,dict_traverse
490430704.0,3630206,python,python,dict_traverse
419137018.0,3630206,python,python,visit_reachable
418351401.0,3630150,python,python,visit_reachable
412021228.0,3630172,python,python,visit_reachable
407251413.0,3630172,python,python,visit_decref
406047410.0,3630195,python,python,visit_decref
405112885.0,3630195,python,python,visit_reachable
404130234.0,3630184,python,python,visit_decref
395090472.0,3630161,python,python,visit_reachable
394250812.0,3630206,python,python,visit_decref
394249871.0,3630184,python,python,visit_reachable
393301603.0,3630161,python,python,visit_decref
391859008.0,3630150,python,python,visit_decref
235607169.0,3630138,python,python,func_traverse
200206468.0,3630150,python,python,func_traverse
200148423.0,3630161,python,python,list_traverse
190137080.0,3630184,python,python,list_traverse
182348145.0,3630195,python,python,func_traverse
174949141.0,3630172,python,python,func_traverse
174331030.0,3630172,python,python,list_traverse
174263380.0,3630184,python,python,func_traverse
173372914.0,3630195,python,python,list_traverse
171363483.0,3630206,python,python,func_traverse
159321448.0,3630150,python,python,list_traverse
153577102.0,3630206,python,python,list_traverse
145615573.0,3630184,python,python,gc_collect_main
141605249.0,3630195,python,python,gc_collect_main
137639712.0,3630161,python,python,gc_collect_main
135707128.0,3630172,python,python,gc_collect_main
132715919.0,3630206,python,python,gc_collect_main
128651271.0,3630150,python,python,gc_collect_main
97950055.0,3630138,python,python,subtype_traverse
97896448.0,3630172,python,python,type_traverse
90083525.0,3630184,python,python,type_traverse
86115672.0,3630138,python,python,type_traverse
86011613.0,3630138,python,python,tuple_traverse
79262606.0,3630150,python,python,type_traverse
79221788.0,3630184,python,python,tuple_traverse
78230434.0,3630195,python,python,type_traverse
77142096.0,3630138,python,python,PyObject_IS_GC
76268884.0,3630150,python,python,subtype_traverse
76232903.0,3630150,python,python,PyObject_VisitManagedDict
76161788.0,3630138,python,python,type_is_gc
75258608.0,3630184,python,python,PyObject_VisitManagedDict
74295713.0,3630206,python,python,type_traverse
73250155.0,3630172,python,python,type_is_gc
72278479.0,3630150,python,python,tuple_traverse
71282077.0,3630195,python,python,tuple_traverse
71242971.0,3630206,python,python,tuple_traverse
70131517.0,3630172,python,python,tuple_traverse
69313696.0,3630206,python,python,subtype_traverse
68363154.0,3630195,python,python,subtype_traverse
67232053.0,3630138,python,python,set_traverse
66367320.0,3630206,python,python,type_is_gc
66123091.0,3630138,python,python,PyObject_VisitManagedDict
63345448.0,3630150,python,python,set_traverse
61402457.0,3630172,python,python,subtype_traverse
59458001.0,3630206,python,python,dict_traverse
59405166.0,3630184,python,python,type_is_gc
58512986.0,3630195,python,python,set_traverse
58404794.0,3630195,python,python,PyObject_VisitManagedDict
57456201.0,3630195,python,python,dict_traverse
57388637.0,3630172,python,python,PyObject_VisitManagedDict
56425638.0,3630184,python,python,subtype_traverse
55454919.0,3630206,python,python,PyObject_VisitManagedDict
54469252.0,3630150,python,python,PyObject_IS_GC
54452401.0,3630150,python,python,type_is_gc
54419703.0,3630172,python,python,set_traverse
52422164.0,3630206,python,python,set_traverse
50496353.0,3630184,python,python,dict_traverse
49549367.0,3630184,python,python,PyObject_IS_GC
49503491.0,3630195,python,python,type_is_gc
49457501.0,3630172,python,python,PyObject_IS_GC
48495909.0,3630150,python,python,dict_traverse
48482210.0,3630206,python,python,PyObject_IS_GC
48392663.0,3630138,python,python,list_dealloc
47587618.0,3630195,python,python,meth_traverse
46584475.0,3630161,python,python,dict_traverse
45583675.0,3630138,python,python,PyLong_FromLong
45522323.0,3630184,python,python,set_traverse
42585607.0,3630195,python,python,PyObject_IS_GC
41022376.0,3630206,python,python,PyLong_FromLong
38522052.0,3630138,python,python,meth_traverse
37899405.0,3630138,python,[kernel.kallsyms],__irqentry_text_end
37814740.0,3630184,python,python,PyLong_FromLong
37659403.0,3630172,python,python,dict_traverse
36050596.0,3630172,python,python,PyLong_FromLong
32722045.0,3630206,python,python,meth_traverse
32674672.0,3630138,python,python,_PyTuple_MaybeUntrack
32148100.0,3630150,python,python,PyLong_FromLong
31729295.0,3630184,python,python,list_dealloc
31709436.0,3630172,python,python,meth_traverse
31701672.0,3630195,python,python,_PyTuple_MaybeUntrack
31644148.0,3630172,python,python,list_dealloc
30749242.0,3630150,python,python,list_dealloc
30722516.0,3630206,python,python,list_dealloc
28746944.0,3630195,python,python,list_dealloc
27734676.0,3630184,python,python,meth_traverse
26707484.0,3630138,python,python,gc_traverse
25745805.0,3630150,python,python,_PyTuple_MaybeUntrack
25698837.0,3630150,python,python,gc_traverse
24780155.0,3630150,python,python,meth_traverse
22836157.0,3630184,python,[kernel.kallsyms],__irqentry_text_end
22717145.0,3630172,python,python,gc_traverse
21965550.0,3630195,python,python,PyLong_FromLong
21792941.0,3630206,python,python,gc_traverse
21750409.0,3630172,python,python,_PyTuple_MaybeUntrack
20807792.0,3630184,python,python,_PyTuple_MaybeUntrack
20800109.0,3630150,python,python,func_traverse
19800339.0,3630161,python,python,func_traverse
19797467.0,3630195,python,python,gc_traverse
18779108.0,3630206,python,python,_PyTuple_MaybeUntrack
17849742.0,3630184,python,python,gc_traverse
17791537.0,3630138,python,[kernel.kallsyms],error_entry
16836108.0,3630172,python,python,func_traverse
16120145.0,3630195,python,[kernel.kallsyms],__irqentry_text_end
15815616.0,3630138,python,python,property_traverse
13835280.0,3630195,python,python,func_traverse
13532135.0,3630138,python,[JIT],0x00007188088e11b6
13332097.0,3630138,python,[JIT],0x00007188088e112b
12645873.0,3630138,python,[kernel.kallsyms],sync_regs
11904277.0,3630138,python,python,descr_traverse
11895574.0,3630206,python,python,subtype_traverse
11894620.0,3630206,python,python,func_traverse
11859972.0,3630138,python,python,module_traverse
11631757.0,3630138,python,libc.so.6,_int_malloc
10899515.0,3630195,python,python,descr_traverse
10889735.0,3630206,python,python,PyObject_IS_GC
10667501.0,3630138,python,[JIT],0x00007188088e1251
10597293.0,3630138,python,[JIT],0x00007188088e11dc
10582800.0,3630184,python,[JIT],0x00007010c9c900e3
10581828.0,3630138,python,[JIT],0x00007188088e1106
10555957.0,3630195,python,[JIT],0x000072fc222bf1c6
10456870.0,3630138,python,[JIT],0x00007188088e10e3
10447857.0,3630138,python,[kernel.kallsyms],native_irq_return_iret
10129990.0,3630172,python,[kernel.kallsyms],error_entry
9977861.0,3630138,python,[JIT],0x00007188088e1060
9912344.0,3630172,python,python,PyObject_VisitManagedDict
9902707.0,3630184,python,python,descr_traverse
9901616.0,3630195,python,python,tuple_traverse
9870072.0,3630206,python,[kernel.kallsyms],__irqentry_text_end
9811041.0,3630150,python,[kernel.kallsyms],__irqentry_text_end
9810721.0,3630206,python,[JIT],0x0000769fa398a1dc
9739460.0,3630206,python,[JIT],0x0000769fa398a17a
9683882.0,3630195,python,[JIT],0x000072fc222bf251
9658466.0,3630206,python,[JIT],0x0000769fa398a227
9515292.0,3630138,python,[JIT],0x00007188088e1164
8930575.0,3630161,python,python,tuple_traverse
8924645.0,3630150,python,python,type_traverse
8918350.0,3630150,python,python,descr_traverse
8917458.0,3630150,python,python,cell_traverse
8915934.0,3630172,python,python,PyObject_IS_GC
8913366.0,3630184,python,python,subtype_traverse
8910698.0,3630184,python,python,func_traverse
8896441.0,3630206,python,python,descr_traverse
8894083.0,3630150,python,python,PyObject_VisitManagedDict
8893235.0,3630172,python,python,descr_traverse
8891728.0,3630161,python,python,PyObject_VisitManagedDict
8890827.0,3630184,python,[kernel.kallsyms],error_entry
8827432.0,3630138,python,[JIT],0x00007188088e1227
8697423.0,3630150,python,python,list_repeat
8693856.0,3630138,python,[JIT],0x00007188088e10b9
8660948.0,3630138,python,[JIT],0x00007188088e1209
8553709.0,3630172,python,[JIT],0x00007ed5d0153115
8530151.0,3630172,python,[kernel.kallsyms],__irqentry_text_end
8442909.0,3630150,python,[JIT],0x0000725dcca7a1a6
8415843.0,3630150,python,[JIT],0x0000725dcca7a209
8272184.0,3630195,python,python,PyLong_FromLong
7935652.0,3630206,python,python,module_traverse
7933656.0,3630172,python,python,tuple_traverse
7927833.0,3630206,python,python,abc_data_traverse
7926959.0,3630184,python,python,property_traverse
7926463.0,3630206,python,python,set_traverse
7925872.0,3630184,python,python,module_traverse
7921405.0,3630206,python,python,cell_traverse
7907175.0,3630150,python,python,tuple_traverse
7900374.0,3630184,python,python,type_is_gc
7896300.0,3630206,python,[kernel.kallsyms],native_irq_return_iret
7836958.0,3630138,python,[JIT],0x00007188088e1275
7834237.0,3630138,python,[JIT],0x00007188088e1188
7831465.0,3630138,python,[JIT],0x00007188088e12c0
7788455.0,3630138,python,[JIT],0x00007188088e11a6
7779676.0,3630172,python,[JIT],0x00007ed5d015312b
7768650.0,3630195,python,python,_PyEval_EvalFrameDefault
7757794.0,3630172,python,[JIT],0x00007ed5d0153216
7749989.0,3630138,python,[JIT],0x00007188088e1138
7726998.0,3630138,python,[JIT],0x00007188088e1235
7723192.0,3630138,python,[JIT],0x00007188088e11c6
7691920.0,3630195,python,[kernel.kallsyms],error_entry
7685324.0,3630184,python,libc.so.6,_int_malloc
7685321.0,3630184,python,[JIT],0x00007010c9c9012b
7683319.0,3630195,python,[JIT],0x000072fc222bf2c0
7667794.0,3630138,python,python,list_repeat
7651293.0,3630172,python,[JIT],0x00007ed5d01530e3
7637463.0,3630206,python,[JIT],0x0000769fa398a1ee
7625660.0,3630138,python,[JIT],0x00007188088e1242
7591255.0,3630138,python,[JIT],0x00007188088e10a9
7548271.0,3630172,python,[JIT],0x00007ed5d0153060
7528309.0,3630184,python,[JIT],0x00007010c9c90216
7479314.0,3630195,python,[JIT],0x000072fc222bf0f5
7466993.0,3630184,python,[JIT],0x00007010c9c90188
6947035.0,3630172,python,python,type_traverse
6946865.0,3630172,python,python,type_is_gc
6942922.0,3630161,python,python,type_traverse
6938905.0,3630138,python,[kernel.kallsyms],perf_adjust_freq_unthr_context
6936946.0,3630206,python,python,type_traverse
6935959.0,3630184,python,python,PyObject_VisitManagedDict
6932882.0,3630184,python,python,type_traverse
6931673.0,3630195,python,python,set_traverse
6870083.0,3630150,python,[JIT],0x0000725dcca7a0b9
6865489.0,3630150,python,[JIT],0x0000725dcca7a138
6845521.0,3630150,python,[kernel.kallsyms],error_entry
6841114.0,3630138,python,[JIT],0x00007188088e1216
6832123.0,3630138,python,[JIT],0x00007188088e10ce
6782349.0,3630195,python,[JIT],0x000072fc222bf0b9
6744697.0,3630195,python,[JIT],0x000072fc222bf279
6718526.0,3630184,python,[JIT],0x00007010c9c90115
6717246.0,3630150,python,[JIT],0x0000725dcca7a1b6
6715200.0,3630195,python,[JIT],0x000072fc222bf138
6711623.0,3630195,python,libc.so.6,_int_malloc
6655515.0,3630172,python,[JIT],0x00007ed5d015317a
6618986.0,3630172,python,libc.so.6,_int_malloc
6605502.0,3630206,python,[JIT],0x0000769fa398a106
6574808.0,3630172,python,[kernel.kallsyms],native_irq_return_iret
6525974.0,3630150,python,[JIT],0x0000725dcca7a17a
6512456.0,3630195,python,[JIT],0x000072fc222bf1b6
6502745.0,3630150,python,[JIT],0x0000725dcca7a1ee
6306576.0,3630206,python,[JIT],0x0000769fa398a2c0
6062311.0,3630184,python,python,_PyEval_EvalFrameDefault
5976061.0,3630206,python,[kernel.kallsyms],native_write_msr
5955159.0,3630172,python,python,module_traverse
5954990.0,3630161,python,python,type_is_gc
5953839.0,3630195,python,python,module_traverse
5949471.0,3630206,python,python,PyObject_VisitManagedDict
5948825.0,3630195,python,python,type_traverse
5944213.0,3630184,python,python,cell_traverse
5941804.0,3630184,python,python,tuplegetter_traverse
5941218.0,3630184,python,python,tuple_traverse
5938468.0,3630172,python,python,abc_data_traverse
5935263.0,3630206,python,[JIT],0x0000769fa398a060
5929490.0,3630138,python,python,abc_data_traverse
5926177.0,3630150,python,python,property_traverse
5923597.0,3630150,python,python,type_is_gc
5923213.0,3630195,python,python,PyObject_IS_GC
5911002.0,3630138,python,[kernel.kallsyms],_raw_spin_lock
5898726.0,3630184,python,[JIT],0x00007010c9c900ce
5896437.0,3630150,python,[JIT],0x0000725dcca7a0a9
5883222.0,3630206,python,[JIT],0x0000769fa398a0a9
5879480.0,3630138,python,[kernel.kallsyms],__hrtimer_run_queues
5877491.0,3630206,python,[kernel.kallsyms],error_entry
5831340.0,3630172,python,[JIT],0x00007ed5d0153106
5821265.0,3630138,python,[JIT],0x00007188088e1115
5780102.0,3630138,python,[JIT],0x00007188088e111c
5768249.0,3630150,python,[JIT],0x0000725dcca7a164
5755932.0,3630172,python,python,list_repeat
5746920.0,3630206,python,[JIT],0x0000769fa398a216
5730458.0,3630195,python,[JIT],0x000072fc222bf235
5712932.0,3630172,python,[JIT],0x00007ed5d01532c0
5681099.0,3630195,python,[JIT],0x000072fc222bf1a6
5680562.0,3630206,python,[JIT],0x0000769fa398a1b6
5650904.0,3630195,python,[JIT],0x000072fc222bf0a9
5649606.0,3630184,python,[JIT],0x00007010c9c902c0
5643551.0,3630184,python,[JIT],0x00007010c9c90106
5643098.0,3630184,python,[JIT],0x00007010c9c9011c
5591348.0,3630172,python,[JIT],0x00007ed5d01531dc
5561192.0,3630150,python,[JIT],0x0000725dcca7a251
5547501.0,3630184,python,[JIT],0x00007010c9c900a9
5538547.0,3630206,python,[JIT],0x0000769fa398a11c
5511676.0,3630150,python,python,_PyEval_EvalFrameDefault
5486712.0,3630184,python,[JIT],0x00007010c9c901dc
5245402.0,3630172,python,[JIT],0x00007ed5d01530b9
4962794.0,3630138,python,[kernel.kallsyms],update_load_avg
4962436.0,3630184,python,python,abc_data_traverse
4962111.0,3630138,python,[kernel.kallsyms],__update_load_avg_se
4962064.0,3630172,python,python,subtype_traverse
4961594.0,3630161,python,python,set_traverse
4960015.0,3630150,python,python,module_traverse
4959405.0,3630206,python,python,tuple_traverse
4958504.0,3630138,python,python,sm_traverse
4957944.0,3630195,python,python,PyObject_VisitManagedDict
4957636.0,3630172,python,python,cm_traverse
4956834.0,3630172,python,python,lru_cache_tp_traverse
4951957.0,3630172,python,python,set_traverse
4950215.0,3630150,python,python,subtype_traverse
4949850.0,3630206,python,python,descr_traverse
4949734.0,3630161,python,python,PyObject_IS_GC
4949500.0,3630206,python,python,type_is_gc
4947548.0,3630206,python,python,property_traverse
4939724.0,3630138,python,[JIT],0x00007188088e10f5
4936821.0,3630150,python,[JIT],0x0000725dcca7a227
4933971.0,3630138,python,python,cell_traverse
4927950.0,3630150,python,python,_PyTuple_MaybeUntrack
4927510.0,3630138,python,python,tuplegetter_traverse
4927015.0,3630150,python,python,tuplegetter_traverse
4925032.0,3630150,python,python,meth_traverse
4923698.0,3630184,python,[kernel.kallsyms],sync_regs
4921346.0,3630172,python,python,slice_traverse
4912902.0,3630206,python,libc.so.6,_int_malloc
4911411.0,3630138,python,[kernel.kallsyms],do_anonymous_page
4909219.0,3630172,python,[JIT],0x00007ed5d0153263
4905693.0,3630150,python,[JIT],0x0000725dcca7a188
4897424.0,3630172,python,[JIT],0x00007ed5d0153251
4876185.0,3630150,python,[JIT],0x0000725dcca7a1c6
4875469.0,3630206,python,[JIT],0x0000769fa398a235
4873449.0,3630150,python,[JIT],0x0000725dcca7a235
4862788.0,3630138,python,[kernel.kallsyms],native_write_msr
4862392.0,3630150,python,[JIT],0x0000725dcca7a0e3
4858916.0,3630138,python,[JIT],0x00007188088e1288
4857729.0,3630150,python,[JIT],0x0000725dcca7a060
4854140.0,3630195,python,[JIT],0x000072fc222bf164
4850076.0,3630184,python,[JIT],0x00007010c9c9017a
4849032.0,3630206,python,[JIT],0x0000769fa398a0f5
4848922.0,3630195,python,[JIT],0x000072fc222bf242
4845701.0,3630206,python,[kernel.kallsyms],clear_page_erms
4844138.0,3630184,python,[JIT],0x00007010c9c90138
4842784.0,3630195,python,[JIT],0x000072fc222bf275
4837464.0,3630206,python,[JIT],0x0000769fa398a1a6
4836599.0,3630172,python,[JIT],0x00007ed5d0153188
4833109.0,3630150,python,[JIT],0x0000725dcca7a2ae
4828074.0,3630138,python,[JIT],0x00007188088e117a
4822724.0,3630138,python,[JIT],0x00007188088e11ee
4804783.0,3630150,python,[kernel.kallsyms],clear_page_erms
4795164.0,3630150,python,[JIT],0x0000725dcca7a11c
4786447.0,3630150,python,[JIT],0x0000725dcca7a12b
4781994.0,3630195,python,[JIT],0x000072fc222bf288
4781639.0,3630206,python,[JIT],0x0000769fa398a263
4770819.0,3630184,python,[JIT],0x00007010c9c90164
4749636.0,3630138,python,[JIT],0x00007188088e1255
4746441.0,3630195,python,[JIT],0x000072fc222bf1dc
4724986.0,3630206,python,[JIT],0x0000769fa398a164
4710884.0,3630195,python,[JIT],0x000072fc222bf255
4666611.0,3630184,python,[JIT],0x00007010c9c90251
4564122.0,3630184,python,[kernel.kallsyms],native_irq_return_iret
4557062.0,3630172,python,[JIT],0x00007ed5d01530ce
4520835.0,3630172,python,[JIT],0x00007ed5d0153235
4506941.0,3630195,python,[JIT],0x000072fc222bf17a
4306422.0,3630172,python,python,_PyEval_EvalFrameDefault
4269679.0,3630206,python,[JIT],0x0000769fa398a138
4243765.0,3630172,python,[JIT],0x00007ed5d01531a6
4172853.0,3630184,python,[JIT],0x00007010c9c900b9
4150103.0,3630150,python,[JIT],0x0000725dcca7a0ce
3970368.0,3630206,python,python,list_dealloc
3970313.0,3630138,python,[kernel.kallsyms],account_user_time
3970070.0,3630161,python,python,subtype_traverse
3969823.0,3630138,python,[kernel.kallsyms],update_cfs_group
3969663.0,3630195,python,python,type_is_gc
3969488.0,3630206,python,python,sm_traverse
3968058.0,3630195,python,python,subtype_traverse
3966466.0,3630150,python,python,abc_data_traverse
3964881.0,3630184,python,python,slice_traverse
3961906.0,3630184,python,python,sm_traverse
3959083.0,3630172,python,python,meth_traverse
3954120.0,3630138,python,[kernel.kallsyms],__handle_mm_fault
3951537.0,3630184,python,python,cm_traverse
3950318.0,3630138,python,python,_PyEval_EvalFrameDefault
3949794.0,3630150,python,python,module_traverse
3937579.0,3630150,python,[JIT],0x0000725dcca7a275
3935527.0,3630206,python,python,cm_traverse
3932816.0,3630150,python,[JIT],0x0000725dcca7a263
3932106.0,3630195,python,python,list_repeat
3931670.0,3630206,python,[JIT],0x0000769fa398a279
3930235.0,3630184,python,[JIT],0x00007010c9c90209
3929237.0,3630195,python,[JIT],0x000072fc222bf216
3927056.0,3630150,python,[JIT],0x0000725dcca7a115
3927024.0,3630184,python,[JIT],0x00007010c9c901ee
3925836.0,3630195,python,[JIT],0x000072fc222bf11c
3925655.0,3630184,python,python,PyObject_IS_GC
3923309.0,3630184,python,[JIT],0x00007010c9c900f5
3921818.0,3630206,python,[kernel.kallsyms],sync_regs
3919534.0,3630206,python,[JIT],0x0000769fa398a0ce
3916637.0,3630172,python,[JIT],0x00007ed5d0153242
3914269.0,3630172,python,[JIT],0x00007ed5d01530a9
3913312.0,3630184,python,[JIT],0x00007010c9c90263
3899943.0,3630195,python,[JIT],0x000072fc222bf227
3896226.0,3630172,python,[JIT],0x00007ed5d01530f5
3895432.0,3630138,python,[kernel.kallsyms],mas_walk
3889504.0,3630138,python,[kernel.kallsyms],__count_memcg_events
3882222.0,3630206,python,[JIT],0x0000769fa398a0e3
3879855.0,3630184,python,[JIT],0x00007010c9c901a6
3875585.0,3630206,python,python,_PyEval_EvalFrameDefault
3872620.0,3630138,python,[JIT],0x00007188088e1279
3867734.0,3630184,python,[JIT],0x00007010c9c901b6
3865298.0,3630195,python,[JIT],0x000072fc222bf284
3859129.0,3630150,python,[JIT],0x0000725dcca7a106
3854046.0,3630172,python,[JIT],0x00007ed5d0153227
3847558.0,3630138,python,[JIT],0x00007188088e1284
3847003.0,3630184,python,[JIT],0x00007010c9c90227
3842587.0,3630138,python,[kernel.kallsyms],folio_batch_move_lru
3824549.0,3630172,python,[JIT],0x00007ed5d0153275
3788427.0,3630195,python,[JIT],0x000072fc222bf0ce
3780012.0,3630206,python,[JIT],0x0000769fa398a1c6
3770488.0,3630150,python,[kernel.kallsyms],sync_regs
3766339.0,3630195,python,[JIT],0x000072fc222bf060
3721710.0,3630150,python,libc.so.6,_int_malloc
3691529.0,3630172,python,[JIT],0x00007ed5d0153209
3638599.0,3630184,python,[JIT],0x00007010c9c90242
3164099.0,3630184,python,[JIT],0x00007010c9c90235
3102692.0,3630172,python,python,list_dealloc
2977731.0,3630184,python,python,set_traverse
2977702.0,3630195,python,[kernel.kallsyms],zap_pte_range
2977697.0,3630195,python,python,tuplegetter_traverse
2977670.0,3630138,python,[kernel.kallsyms],calc_global_load
2977638.0,3630184,python,[kvm],pvclock_gtod_notify
2977584.0,3630172,python,python,tuplegetter_traverse
2977471.0,3630150,python,python,list_dealloc
2977466.0,3630206,python,python,tuplegetter_traverse
2977410.0,3630184,python,python,_PyTuple_MaybeUntrack
2977363.0,3630161,python,python,list_dealloc
2977286.0,3630206,python,python,gc_traverse
2977242.0,3630184,python,python,lru_cache_tp_traverse
2977039.0,3630195,python,python,cm_traverse
2977019.0,3630150,python,python,cm_traverse
2976979.0,3630195,python,python,slice_traverse
2976958.0,3630150,python,python,gc_traverse
2976831.0,3630195,python,python,property_traverse
2976627.0,3630184,python,python,gc_traverse
2976401.0,3630172,python,python,cell_traverse
2976376.0,3630138,python,[kernel.kallsyms],update_curr
2976128.0,3630150,python,python,method_traverse
2975620.0,3630184,python,[kernel.kallsyms],zap_pte_range
2975063.0,3630195,python,python,gc_traverse
2974446.0,3630206,python,python,slice_traverse
2974377.0,3630195,python,python,sm_traverse
2974080.0,3630138,python,[kvm],pvclock_gtod_notify
2974051.0,3630172,python,python,module_traverse
2972377.0,3630150,python,python,union_traverse
2972001.0,3630195,python,python,list_dealloc
2971138.0,3630138,python,[kernel.kallsyms],read_tsc
2970723.0,3630172,python,[kernel.kallsyms],zap_pte_range
2970035.0,3630172,python,python,sm_traverse
2969383.0,3630138,python,[kernel.kallsyms],__cgroup_account_cputime_field
2966495.0,3630206,python,python,union_traverse
2965591.0,3630195,python,python,cell_traverse
2965552.0,3630206,python,python,list_repeat
2963212.0,3630150,python,[kernel.kallsyms],__mod_memcg_lruvec_state
2962795.0,3630195,python,python,descr_traverse
2958873.0,3630161,python,python,_PyTuple_MaybeUntrack
2957934.0,3630138,python,[kernel.kallsyms],__mod_memcg_lruvec_state
2956744.0,3630195,python,python,lazy_import_traverse
2954434.0,3630206,python,[JIT],0x0000769fa398a1e3
2952807.0,3630184,python,[kernel.kallsyms],tick_nohz_highres_handler
2951196.0,3630172,python,[kernel.kallsyms],clear_page_erms
2949902.0,3630172,python,python,property_traverse
2946424.0,3630184,python,[JIT],0x00007010c9c90284
2946308.0,3630195,python,[JIT],0x000072fc222bf0e3
2946236.0,3630206,python,[kernel.kallsyms],__mod_node_page_state
2941996.0,3630184,python,[JIT],0x00007010c9c90060
2941044.0,3630150,python,[JIT],0x0000725dcca7a1dc
2939101.0,3630138,python,[kernel.kallsyms],timekeeping_update
2938296.0,3630206,python,[JIT],0x0000769fa398a2b1
2931610.0,3630172,python,[JIT],0x00007ed5d01532ae
2930708.0,3630184,python,python,list_dealloc
2929320.0,3630206,python,[JIT],0x0000769fa398a188
2923695.0,3630184,python,[JIT],0x00007010c9c902b6
2923676.0,3630172,python,[JIT],0x00007ed5d0153138
2923430.0,3630195,python,[kernel.kallsyms],native_irq_return_iret
2920656.0,3630206,python,python,lru_cache_tp_traverse
2920596.0,3630206,python,[JIT],0x0000769fa398a284
2915664.0,3630195,python,[JIT],0x000072fc222bf115
2911523.0,3630150,python,[JIT],0x0000725dcca7a2b6
2909937.0,3630172,python,[kernel.kallsyms],__count_memcg_events
2897542.0,3630195,python,[kernel.kallsyms],sync_regs
2887268.0,3630172,python,[JIT],0x00007ed5d0153284
2884583.0,3630138,python,[kernel.kallsyms],__rcu_read_unlock
2882907.0,3630138,python,python,_Py_Dealloc
2875833.0,3630206,python,[kernel.kallsyms],__rcu_read_lock
2875094.0,3630195,python,[JIT],0x000072fc222bf2b1
2870027.0,3630206,python,[JIT],0x0000769fa398a242
2863765.0,3630150,python,[JIT],0x0000725dcca7a279
2851666.0,3630172,python,[JIT],0x00007ed5d01532b6
2829338.0,3630195,python,[JIT],0x000072fc222bf2b6
2826483.0,3630172,python,[JIT],0x00007ed5d0153164
2820213.0,3630172,python,[JIT],0x00007ed5d015311c
2818256.0,3630150,python,[JIT],0x0000725dcca7a2c0
2814147.0,3630184,python,[JIT],0x00007010c9c90290
2806635.0,3630206,python,[JIT],0x0000769fa398a290
2799442.0,3630195,python,[JIT],0x000072fc222bf263
2791848.0,3630150,python,[kernel.kallsyms],lru_gen_add_folio
2789818.0,3630150,python,[JIT],0x0000725dcca7a216
2771059.0,3630195,python,[JIT],0x000072fc222bf188
2767336.0,3630172,python,[JIT],0x00007ed5d01531ee
2760536.0,3630184,python,[kernel.kallsyms],__count_memcg_events
2752540.0,3630184,python,python,PyLong_FromLong
2750167.0,3630150,python,[JIT],0x0000725dcca7a0f5
2745382.0,3630206,python,[JIT],0x0000769fa398a0ce
2693417.0,3630195,python,[JIT],0x000072fc222bf1ee
2512490.0,3630206,python,python,_Py_Dealloc
2392241.0,3630206,python,python,PyLong_FromLong
2188358.0,3630172,python,python,PyLong_FromLong
2109203.0,3630138,python,libc.so.6,__strlen_avx2
2108087.0,3630206,python,[JIT],0x0000769fa398a275
1985443.0,3630172,python,[kernel.kallsyms],get_pfnblock_flags_mask
1985387.0,3630206,python,libc.so.6,_int_free_merge_chunk
1985352.0,3630206,python,[kernel.kallsyms],hrtimer_update_next_event
1985339.0,3630184,python,[kernel.kallsyms],ktime_get
1985249.0,3630184,python,[kernel.kallsyms],ktime_get_update_offsets_now
1985232.0,3630138,python,python,pattern_traverse
1985181.0,3630172,python,python,_PyObject_Free
1985177.0,3630138,python,[kernel.kallsyms],__update_load_avg_cfs_rq
1985177.0,3630195,python,python,meth_traverse
1985166.0,3630184,python,python,lazy_import_traverse
1985123.0,3630138,python,[kernel.kallsyms],notifier_call_chain
1985115.0,3630138,python,[kernel.kallsyms],folio_remove_rmap_ptes
1985112.0,3630184,python,python,pattern_traverse
1985098.0,3630206,python,[kernel.kallsyms],zap_pte_range
1985040.0,3630138,python,[kernel.kallsyms],free_unref_page_commit
1985031.0,3630138,python,[kernel.kallsyms],tick_nohz_highres_handler
1985025.0,3630206,python,python,_PyTuple_MaybeUntrack
1985020.0,3630172,python,python,lazy_import_traverse
1985016.0,3630138,python,[kernel.kallsyms],tick_sched_handle
1984985.0,3630138,python,python,lazy_import_traverse
1984981.0,3630138,python,[kernel.kallsyms],native_apic_msr_eoi
1984970.0,3630150,python,python,PyObject_IS_GC
1984956.0,3630138,python,[kernel.kallsyms],ktime_get
1984945.0,3630150,python,[kernel.kallsyms],zap_pte_range
1984926.0,3630138,python,python,union_traverse
1984926.0,3630184,python,python,meth_traverse
1984913.0,3630138,python,[kernel.kallsyms],native_read_msr
1984900.0,3630150,python,python,_signal_module_traverse
1984886.0,3630138,python,[kernel.kallsyms],hrtimer_interrupt
1984873.0,3630150,python,python,sm_traverse
1984845.0,3630161,python,python,abc_data_traverse
1984830.0,3630138,python,_socket.cpython-316-x86_64-linux-gnu.so,socket_traverse
1984820.0,3630138,python,[kernel.kallsyms],rb_next
1984764.0,3630184,python,python,_PyMember_GetOffset
1984595.0,3630206,python,_bz2.cpython-316-x86_64-linux-gnu.so,_bz2_traverse
1984574.0,3630184,python,select.cpython-316-x86_64-linux-gnu.so,_select_traverse
1984560.0,3630138,python,[kernel.kallsyms],tick_do_update_jiffies64
1984533.0,3630195,python,[kernel.kallsyms],release_pages
1984496.0,3630172,python,python,count_traverse
1984483.0,3630206,python,[kernel.kallsyms],perf_adjust_freq_unthr_context
1984480.0,3630138,python,python,method_traverse
1984359.0,3630138,python,[kernel.kallsyms],update_fast_timekeeper
1984248.0,3630172,python,python,_PyMember_GetOffset
1983971.0,3630184,python,[kernel.kallsyms],__mem_cgroup_uncharge_list
1983899.0,3630172,python,python,abc_data_traverse
1983868.0,3630138,python,python,cm_traverse
1983810.0,3630184,python,[kernel.kallsyms],update_load_avg
1983660.0,3630138,python,python,count_traverse
1983513.0,3630150,python,[JIT],0x0000725dcca7a242
1983495.0,3630195,python,python,ga_traverse
1981567.0,3630206,python,python,find_first_nonascii
1981404.0,3630138,python,libc.so.6,_int_free
1981324.0,3630195,python,python,property_traverse
1981045.0,3630138,python,[kernel.kallsyms],update_curr_se
1980865.0,3630184,python,[kernel.kallsyms],release_pages
1980616.0,3630206,python,python,sm_traverse
1980198.0,3630195,python,python,_PyTuple_MaybeUntrack
1979893.0,3630138,python,[kernel.kallsyms],__alloc_pages
1979844.0,3630206,python,python,meth_traverse
1979391.0,3630150,python,python,set_traverse
1978935.0,3630195,python,python,_PyMember_GetOffset
1978446.0,3630206,python,python,_PyObject_Malloc
1976466.0,3630195,python,python,abc_data_traverse
1975921.0,3630138,python,[kernel.kallsyms],get_mem_cgroup_from_mm
1975830.0,3630195,python,python,_PyObject_ClearFreeLists
1975669.0,3630150,python,python,PyModule_GetState
1975322.0,3630172,python,python,_PyObject_ClearFreeLists
1974268.0,3630184,python,python,_signal_module_traverse
1973931.0,3630138,python,[JIT],0x00007188088e1213
1973087.0,3630184,python,python,list_repeat
1971279.0,3630138,python,python,_Py_BuiltinCallFastWithKeywords_StackRef
1969795.0,3630138,python,[kernel.kallsyms],__folio_throttle_swaprate
1969727.0,3630161,python,[JIT],0x00007d29eab69060
1969642.0,3630172,python,[JIT],0x00007ed5d01531e3
1969155.0,3630184,python,[JIT],0x00007010c9c9017a
1968340.0,3630138,python,[JIT],0x00007188088e12ae
1967740.0,3630184,python,python,pattern_traverse
1967381.0,3630195,python,[kernel.kallsyms],folio_batch_move_lru
1967286.0,3630195,python,[kernel.kallsyms],handle_mm_fault
1966247.0,3630206,python,[JIT],0x0000769fa398a115
1966120.0,3630172,python,[kernel.kallsyms],cgroup_rstat_updated
1964311.0,3630138,python,[kernel.kallsyms],arch_exit_to_user_mode_prepare.isra.0
1963961.0,3630195,python,[kernel.kallsyms],error_return
1963804.0,3630138,python,python,slice_traverse
1963768.0,3630184,python,[JIT],0x00007010c9c90288
1963535.0,3630206,python,[kernel.kallsyms],__rcu_read_unlock
1961774.0,3630172,python,[kernel.kallsyms],folio_batch_move_lru
1960484.0,3630138,python,[kernel.kallsyms],nohz_balancer_kick
1960196.0,3630138,python,[kernel.kallsyms],__sysvec_apic_timer_interrupt
1960156.0,3630138,python,[kernel.kallsyms],zap_pte_range
1959377.0,3630206,python,[JIT],0x0000769fa398a251
1959195.0,3630172,python,[JIT],0x00007ed5d0153255
1958681.0,3630138,python,[JIT],0x00007188088e1248
1957464.0,3630172,python,[kernel.kallsyms],folio_add_lru
1955922.0,3630138,python,[kernel.kallsyms],__mod_node_page_state
1955844.0,3630206,python,[JIT],0x0000769fa398a12b
1954625.0,3630195,python,[JIT],0x000072fc222bf106
1954574.0,3630138,python,[JIT],0x00007188088e13a4
1954420.0,3630184,python,[JIT],0x00007010c9c90275
1954415.0,3630150,python,[JIT],0x0000725dcca7a060
1952598.0,3630195,python,[kernel.kallsyms],__pte_offset_map_lock
1951963.0,3630172,python,python,union_traverse
1950819.0,3630138,python,[kernel.kallsyms],lru_gen_add_folio
1950280.0,3630150,python,[kernel.kallsyms],__alloc_pages
1948774.0,3630138,python,[kernel.kallsyms],cgroup_rstat_updated
1948512.0,3630161,python,python,PyLong_FromLong
1947632.0,3630150,python,[kernel.kallsyms],error_entry
1947186.0,3630161,python,[JIT],0x00007d29eab692c0
1946582.0,3630184,python,[JIT],0x00007010c9c90251
1945037.0,3630138,python,[kernel.kallsyms],clear_page_erms
1942377.0,3630172,python,[JIT],0x00007ed5d01531b6
1941719.0,3630150,python,python,range_iter
1935780.0,3630150,python,[kernel.kallsyms],perf_adjust_freq_unthr_context
1934754.0,3630172,python,python,make_range_object
1934207.0,3630184,python,[JIT],0x00007010c9c901c6
1933651.0,3630150,python,[JIT],0x0000725dcca7a22d
1930008.0,3630150,python,python,PyLong_FromLong
1925172.0,3630172,python,[JIT],0x00007ed5d0153115
1917030.0,3630161,python,[JIT],0x00007d29eab69138
1914024.0,3630138,python,[kernel.kallsyms],perf_event_task_tick
1911237.0,3630138,python,[kernel.kallsyms],__rcu_read_lock
1908883.0,3630184,python,libc.so.6,_int_malloc
1906116.0,3630184,python,python,_PyObject_Free
1905557.0,3630172,python,[kernel.kallsyms],sync_regs
1903729.0,3630150,python,[JIT],0x0000725dcca7a284
1902530.0,3630161,python,python,_PyEval_EvalFrameDefault
1901012.0,3630206,python,[JIT],0x0000769fa398a209
1895805.0,3630161,python,[JIT],0x00007d29eab69227
1890225.0,3630150,python,[kernel.kallsyms],arch_exit_to_user_mode_prepare.isra.0
1884674.0,3630138,python,[JIT],0x00007188088e12b6
1884223.0,3630172,python,libc.so.6,_int_malloc
1880213.0,3630150,python,[JIT],0x0000725dcca7a2b1
1878924.0,3630138,python,[kernel.kallsyms],percpu_counter_add_batch
1878147.0,3630184,python,[JIT],0x00007010c9c90279
1878126.0,3630150,python,[JIT],0x0000725dcca7a255
1870177.0,3630206,python,[kernel.kallsyms],down_read_trylock
1863253.0,3630206,python,python,list_repeat
1857680.0,3630195,python,[kernel.kallsyms],clear_page_erms
1837002.0,3630138,python,[JIT],0x00007188088e122d
1835143.0,3630172,python,[kernel.kallsyms],__alloc_pages
1831203.0,3630150,python,[JIT],0x0000725dcca7a164
1828436.0,3630184,python,python,make_range_object
1827081.0,3630195,python,[kernel.kallsyms],__rmqueue_pcplist
1823282.0,3630195,python,[JIT],0x000072fc222bf12b
1814313.0,3630195,python,[JIT],0x000072fc222bf209
1802827.0,3630195,python,[JIT],0x000072fc222bf1c6
1783763.0,3630195,python,[kernel.kallsyms],__mod_node_page_state
1741289.0,3630161,python,[JIT],0x00007d29eab690b9
1739730.0,3630150,python,python,_PyObject_Malloc
1697671.0,3630172,python,[kernel.kallsyms],__irqentry_text_end
1691368.0,3630184,python,[kernel.kallsyms],_raw_spin_lock
1678178.0,3630184,python,[JIT],0x00007010c9c90255
1665982.0,3630206,python,[JIT],0x0000769fa398a251
1644582.0,3630206,python,[JIT],0x0000769fa398a106
1634331.0,3630161,python,[JIT],0x00007d29eab690ce
1609881.0,3630161,python,[JIT],0x00007d29eab6923c
1609002.0,3630195,python,[JIT],0x000072fc222bf0e3
1576723.0,3630150,python,[kernel.kallsyms],sync_regs
1526198.0,3630161,python,[JIT],0x00007d29eab691a6
1501167.0,3630138,python,[JIT],0x00007188088e1263
1407171.0,3630206,python,[kernel.kallsyms],__irqentry_text_end
1349380.0,3630184,python,python,_PyEval_EvalFrameDefault
1242460.0,3630206,python,python,_PyEval_EvalFrameDefault
1117450.0,3630150,python,python,_Py_Dealloc
1116008.0,3630172,python,python,_PyObject_Malloc
1090974.0,3630184,python,[JIT],0x00007010c9c9028c
997770.0,3630138,python,[kernel.kallsyms],irqentry_exit
994979.0,3630138,python,[JIT],0x00007188088e1222
994482.0,3630195,python,[JIT],0x000072fc222bf120
994148.0,3630195,python,[JIT],0x000072fc220162e6
992917.0,3630150,python,[kernel.kallsyms],blk_cgroup_congested
992864.0,3630138,python,[kernel.kallsyms],rw_verify_area
992846.0,3630206,python,[kernel.kallsyms],__hrtimer_run_queues
992817.0,3630184,python,[kernel.kallsyms],get_pfnblock_flags_mask
992809.0,3630206,python,python,PyObject_GetBuffer
992807.0,3630184,python,[kernel.kallsyms],__rcu_read_lock
992776.0,3630184,python,python,_PyObject_ClearFreeLists
992772.0,3630206,python,[kernel.kallsyms],lapic_next_deadline
992765.0,3630206,python,[kernel.kallsyms],__lruvec_stat_mod_folio
992756.0,3630172,python,python,_PyTuple_MaybeUntrack
992725.0,3630184,python,python,property_traverse
992710.0,3630206,python,[kernel.kallsyms],tlb_batch_pages_flush
992704.0,3630138,python,[kernel.kallsyms],mas_wr_end_piv
992704.0,3630184,python,[kernel.kallsyms],__update_load_avg_se
992700.0,3630195,python,python,_PyObject_Malloc
992697.0,3630206,python,select.cpython-316-x86_64-linux-gnu.so,PyModule_GetState@plt
992697.0,3630150,python,python,textiowrapper_traverse
992688.0,3630138,python,[kernel.kallsyms],get_pfnblock_flags_mask
992685.0,3630206,python,[kernel.kallsyms],__call_rcu_common
992685.0,3630206,python,python,cell_traverse
992679.0,3630161,python,[kernel.kallsyms],zap_pte_range
992677.0,3630150,python,libc.so.6,_int_free_merge_chunk
992667.0,3630206,python,python,PyModule_GetState
992664.0,3630138,python,[kernel.kallsyms],vruntime_eligible
992664.0,3630184,python,resource.cpython-316-x86_64-linux-gnu.so,PyModule_GetState@plt
992664.0,3630150,python,python,_posix_traverse
992663.0,3630206,python,[kernel.kallsyms],sched_core_idle_cpu
992651.0,3630150,python,[kernel.kallsyms],folio_add_lru
992648.0,3630138,python,[JIT],0x00007188088e1290
992639.0,3630184,python,[kernel.kallsyms],timekeeping_adjust.constprop.0
992637.0,3630184,python,python,executor_traverse
992635.0,3630184,python,python,_PyObject_Calloc
992635.0,3630184,python,python,count_traverse
992633.0,3630206,python,[kernel.kallsyms],irq_exit_rcu
992633.0,3630138,python,python,defdict_traverse
992633.0,3630195,python,[kernel.kallsyms],__rcu_read_lock
992630.0,3630138,python,[kernel.kallsyms],acct_account_cputime
992629.0,3630172,python,[kernel.kallsyms],mas_store_gfp
992628.0,3630172,python,[kernel.kallsyms],__mod_node_page_state
992627.0,3630206,python,python,_PyMember_GetOffset
992626.0,3630206,python,[kernel.kallsyms],lru_gen_del_folio.constprop.0
992626.0,3630184,python,python,ast_traverse
992625.0,3630206,python,[kernel.kallsyms],free_unref_page_commit
992623.0,3630206,python,python,ga_traverse
992623.0,3630172,python,python,textiowrapper_traverse
992623.0,3630150,python,[kernel.kallsyms],lapic_next_deadline
992619.0,3630150,python,libc.so.6,__memmove_avx_unaligned_erms
992605.0,3630206,python,[kernel.kallsyms],update_cfs_group
992599.0,3630172,python,python,module_traverse
992597.0,3630150,python,python,ga_traverse
992595.0,3630138,python,[kernel.kallsyms],cpuacct_account_field
992593.0,3630150,python,[kernel.kallsyms],blkcg_maybe_throttle_current
992592.0,3630184,python,[kernel.kallsyms],read_tsc
992591.0,3630172,python,[kernel.kallsyms],zap_pte_range
992589.0,3630206,python,[kernel.kallsyms],__cgroup_account_cputime_field
992588.0,3630172,python,python,method_traverse
992588.0,3630150,python,python,count_traverse
992585.0,3630138,python,python,_PyObject_VisitType
992585.0,3630195,python,python,find_first_nonascii
992578.0,3630206,python,[kernel.kallsyms],irqentry_exit_to_user_mode
992578.0,3630195,python,[kernel.kallsyms],pick_next_task
992573.0,3630206,python,python,time_module_traverse
992573.0,3630206,python,python,find_first_nonascii
992572.0,3630172,python,[JIT],0x00007ed5d00142fa
992568.0,3630150,python,python,namespace_traverse
992568.0,3630138,python,[kernel.kallsyms],timekeeping_advance
992568.0,3630150,python,python,find_first_nonascii
992567.0,3630138,python,python,time_perf_counter
992562.0,3630150,python,python,_PyObject_Free
992561.0,3630172,python,resource.cpython-316-x86_64-linux-gnu.so,PyModule_GetState@plt
992560.0,3630184,python,libc.so.6,__strlen_avx2
992558.0,3630206,python,[JIT],0x0000769fa398a248
992555.0,3630195,python,libc.so.6,clock_gettime@@GLIBC_2.17
992546.0,3630206,python,python,typealias_traverse
992537.0,3630138,python,[kernel.kallsyms],task_tick_fair
992537.0,3630150,python,[kernel.kallsyms],__hrtimer_run_queues
992533.0,3630138,python,[kernel.kallsyms],rcu_pending
992532.0,3630206,python,binascii.cpython-316-x86_64-linux-gnu.so,binascii_traverse
992530.0,3630138,python,[kernel.kallsyms],cpuacct_charge
992527.0,3630206,python,[kernel.kallsyms],update_curr_se
992525.0,3630195,python,[kernel.kallsyms],folio_remove_rmap_ptes
992522.0,3630184,python,python,PyTime_PerfCounterRaw
992513.0,3630138,python,[kernel.kallsyms],unmap_page_range
992511.0,3630150,python,python,descr_traverse
992508.0,3630138,python,python,unicodekeys_lookup_unicode
992502.0,3630206,python,python,attrgetter_traverse
992499.0,3630195,python,python,buffered_traverse
992498.0,3630184,python,python,PyTime_PerfCounter
992497.0,3630206,python,python,_posix_traverse
992494.0,3630206,python,python,capsule_traverse
992494.0,3630138,python,python,thread_module_traverse
992494.0,3630184,python,python,_abcmodule_traverse
992490.0,3630150,python,[kernel.kallsyms],mnt_get_write_access
992489.0,3630138,python,[kernel.kallsyms],update_vdso_data.constprop.0
992488.0,3630195,python,python,clock_gettime@plt
992486.0,3630206,python,python,_io__Buffered_read1
992484.0,3630184,python,[kernel.kallsyms],folio_remove_rmap_ptes
992480.0,3630206,python,_lzma.cpython-316-x86_64-linux-gnu.so,PyModule_GetState@plt
992479.0,3630206,python,[kernel.kallsyms],__update_load_avg_se
992478.0,3630206,python,python,sre_traverse
992476.0,3630195,python,python,_Py_Dealloc
992472.0,3630206,python,python,PyObject_Free
992472.0,3630150,python,python,PyUnicode_New.part.0
992471.0,3630206,python,python,_signal_module_traverse
992471.0,3630150,python,[kernel.kallsyms],cgroup_rstat_updated
992470.0,3630206,python,python,ast_traverse
992468.0,3630172,python,python,PyCapsule_GetPointer
992468.0,3630150,python,_random.cpython-316-x86_64-linux-gnu.so,_random_traverse
992464.0,3630150,python,python,lazy_import_traverse
992464.0,3630195,python,[kernel.kallsyms],mas_destroy
992463.0,3630150,python,python,sm_traverse
992462.0,3630184,python,[kernel.kallsyms],perf_adjust_freq_unthr_context
992462.0,3630184,python,[kernel.kallsyms],update_deadline
992461.0,3630150,python,libc.so.6,__strcmp_avx2
992460.0,3630161,python,python,sre_traverse
992460.0,3630195,python,grp.cpython-316-x86_64-linux-gnu.so,grpmodule_traverse
992458.0,3630138,python,[kernel.kallsyms],irq_enter_rcu
992457.0,3630138,python,[kernel.kallsyms],__calc_delta.constprop.0
992454.0,3630195,python,python,PyLong_FromSsize_t
992454.0,3630184,python,[kernel.kallsyms],ntp_get_next_leap
992453.0,3630206,python,python,partial_traverse
992451.0,3630206,python,python,_Py_BuiltinCallFastWithKeywords_StackRef
992449.0,3630138,python,[kernel.kallsyms],update_deadline
992449.0,3630195,python,python,lru_cache_tp_traverse
992449.0,3630172,python,python,sm_traverse
992447.0,3630172,python,[kernel.kallsyms],free_unref_page_list
992440.0,3630195,python,python,PyBytes_FromStringAndSize
992439.0,3630206,python,python,union_traverse
992438.0,3630184,python,[kernel.kallsyms],update_cfs_group
992437.0,3630150,python,python,typevar_traverse
992430.0,3630138,python,[kernel.kallsyms],hrtimer_active
992418.0,3630195,python,python,PyObject_Vectorcall
992417.0,3630138,python,python,attrgetter_traverse
992412.0,3630138,python,python,lru_cache_tp_traverse
992412.0,3630172,python,python,list_extend_lock_held
992407.0,3630161,python,python,cell_traverse
992406.0,3630184,python,[kernel.kallsyms],cpuacct_account_field
992399.0,3630138,python,binascii.cpython-316-x86_64-linux-gnu.so,binascii_traverse
992395.0,3630172,python,select.cpython-316-x86_64-linux-gnu.so,_select_traverse
992392.0,3630138,python,grp.cpython-316-x86_64-linux-gnu.so,grpmodule_traverse
992391.0,3630206,python,python,unicode_dealloc
992391.0,3630172,python,python,_signal_module_traverse
992385.0,3630150,python,python,_abcmodule_traverse
992383.0,3630138,python,[kernel.kallsyms],__remove_hrtimer
992381.0,3630172,python,libc.so.6,__strcmp_avx2
992379.0,3630195,python,python,defdict_traverse
992376.0,3630150,python,python,executor_traverse
992373.0,3630150,python,python,time_perf_counter
992373.0,3630172,python,python,descr_traverse
992369.0,3630150,python,python,namespace_traverse
992368.0,3630184,python,python,pwdmodule_traverse
992367.0,3630150,python,_struct.cpython-316-x86_64-linux-gnu.so,s_traverse
992364.0,3630184,python,python,fileio_traverse
992353.0,3630206,python,[kernel.kallsyms],__mod_memcg_lruvec_state
992353.0,3630195,python,python,cm_traverse
992352.0,3630161,python,python,cm_traverse
992350.0,3630172,python,python,gc_traverse
992348.0,3630184,python,python,method_traverse
992347.0,3630184,python,python,wrapper_traverse
992345.0,3630172,python,python,ga_traverse
992340.0,3630184,python,[kernel.kallsyms],native_write_msr
992338.0,3630184,python,python,module_traverse
992325.0,3630138,python,python,_list_extend
992321.0,3630206,python,python,buffered_traverse
992321.0,3630138,python,python,PyTime_PerfCounter
992317.0,3630172,python,python,lazy_import_traverse
992313.0,3630150,python,python,local_traverse
992289.0,3630184,python,python,module_traverse
992288.0,3630138,python,[kernel.kallsyms],update_vsyscall
992287.0,3630195,python,libc.so.6,unlink_chunk.isra.0
992287.0,3630150,python,binascii.cpython-316-x86_64-linux-gnu.so,binascii_traverse
992256.0,3630172,python,python,typevar_traverse
992250.0,3630184,python,[kernel.kallsyms],rb_next
992240.0,3630138,python,[kernel.kallsyms],arch_scale_freq_tick
992235.0,3630150,python,[kernel.kallsyms],free_swap_cache
992233.0,3630195,python,python,locale_traverse
992204.0,3630150,python,grp.cpython-316-x86_64-linux-gnu.so,PyModule_GetState@plt
992196.0,3630184,python,python,typevar_traverse
992184.0,3630138,python,python,iomodule_traverse
992176.0,3630172,python,python,find_first_nonascii
992168.0,3630150,python,python,_PyObject_ClearFreeLists
992167.0,3630150,python,python,_PyMember_GetOffset
992163.0,3630184,python,[kernel.kallsyms],__hrtimer_run_queues
992160.0,3630206,python,[kernel.kallsyms],pick_next_task_fair
992131.0,3630172,python,python,tuplegetter_traverse
992112.0,3630184,python,[kernel.kallsyms],run_posix_cpu_timers
992086.0,3630150,python,python,thread_module_traverse
992067.0,3630184,python,python,tuplegetter_traverse
992062.0,3630150,python,python,lru_cache_tp_traverse
992047.0,3630150,python,grp.cpython-316-x86_64-linux-gnu.so,grpmodule_traverse
992036.0,3630150,python,python,property_traverse
992027.0,3630138,python,[kernel.kallsyms],lapic_next_deadline
992021.0,3630138,python,[kernel.kallsyms],scheduler_tick
992017.0,3630206,python,[kernel.kallsyms],arch_scale_freq_tick
991974.0,3630150,python,[kernel.kallsyms],free_unref_page_commit
991965.0,3630150,python,python,pattern_traverse
991803.0,3630150,python,python,lru_cache_tp_traverse
991668.0,3630138,python,python,wrapper_traverse
991640.0,3630206,python,python,PyTime_AsSecondsDouble
991636.0,3630184,python,python,PyList_New.constprop.0
991577.0,3630195,python,[kernel.kallsyms],zap_pte_range
991539.0,3630184,python,[kernel.kallsyms],sysvec_apic_timer_interrupt
991428.0,3630184,python,[kernel.kallsyms],lapic_next_deadline
991360.0,3630150,python,python,ga_traverse
991351.0,3630206,python,[kernel.kallsyms],__update_blocked_fair
991345.0,3630150,python,[kernel.kallsyms],do_anonymous_page
991326.0,3630206,python,[kernel.kallsyms],sysvec_apic_timer_interrupt
991303.0,3630138,python,[kernel.kallsyms],timerqueue_add
991288.0,3630138,python,python,PyLong_AsLongAndOverflow
991280.0,3630150,python,[kernel.kallsyms],__cgroup_account_cputime_field
991271.0,3630206,python,[kernel.kallsyms],__folio_throttle_swaprate
991246.0,3630206,python,[kernel.kallsyms],x86_pmu_enable
991134.0,3630138,python,[kernel.kallsyms],sched_clock_cpu
991121.0,3630206,python,[kernel.kallsyms],__sysvec_apic_timer_interrupt
991096.0,3630206,python,python,method_traverse
991077.0,3630138,python,python,_abcmodule_traverse
990831.0,3630172,python,python,typealias_traverse
990710.0,3630206,python,[kvm],pvclock_gtod_notify
990702.0,3630195,python,libc.so.6,__strcmp_avx2
990588.0,3630150,python,zlib.cpython-316-x86_64-linux-gnu.so,PyModule_GetState@plt
990495.0,3630150,python,[kernel.kallsyms],tick_do_update_jiffies64
990329.0,3630206,python,[JIT],0x0000769fa398a231
990294.0,3630184,python,[kernel.kallsyms],__update_load_avg_cfs_rq
990114.0,3630150,python,[kernel.kallsyms],free_unref_page_list
990080.0,3630195,python,[kernel.kallsyms],rmqueue
990041.0,3630172,python,[kernel.kallsyms],_raw_spin_trylock
989972.0,3630138,python,python,PyModule_GetState
989732.0,3630150,python,python,pwdmodule_traverse
989687.0,3630150,python,[kernel.kallsyms],perf_iterate_sb.constprop.0
989684.0,3630138,python,python,_PyObject_GC_New
989624.0,3630138,python,[kernel.kallsyms],_find_next_and_bit
989568.0,3630150,python,[kernel.kallsyms],pte_offset_map_nolock
989559.0,3630172,python,[JIT],0x00007ed5d0153238
989499.0,3630138,python,[kernel.kallsyms],update_rt_rq_load_avg
989426.0,3630184,python,[kernel.kallsyms],exc_page_fault
989347.0,3630206,python,[kernel.kallsyms],lru_add_fn
989316.0,3630184,python,python,cell_traverse
989289.0,3630138,python,python,PyUnicode_FromString
989229.0,3630138,python,[kernel.kallsyms],exc_page_fault
989169.0,3630206,python,[kernel.kallsyms],percpu_counter_add_batch
988972.0,3630195,python,[kernel.kallsyms],perf_iterate_ctx
988918.0,3630184,python,python,_posix_traverse
988903.0,3630195,python,[kernel.kallsyms],get_vma_policy
988896.0,3630206,python,[JIT],0x0000769fa398a00a
988770.0,3630184,python,[kernel.kallsyms],access_error
988628.0,3630206,python,[kernel.kallsyms],get_mem_cgroup_from_mm
988350.0,3630150,python,[kernel.kallsyms],try_charge_memcg
988261.0,3630184,python,[kernel.kallsyms],down_read_trylock
988256.0,3630138,python,[kernel.kallsyms],_raw_spin_trylock
987916.0,3630206,python,grp.cpython-316-x86_64-linux-gnu.so,PyModule_GetState@plt
987809.0,3630206,python,[kernel.kallsyms],handle_mm_fault
987758.0,3630150,python,[JIT],0x0000725dcca7a23c
987706.0,3630138,python,[JIT],0x00007188088e122a
987655.0,3630206,python,python,property_traverse
987636.0,3630206,python,[kernel.kallsyms],__handle_mm_fault
987565.0,3630195,python,python,textiowrapper_traverse
987416.0,3630184,python,[kernel.kallsyms],do_anonymous_page
987234.0,3630138,python,[kernel.kallsyms],up_read
987094.0,3630138,python,[kernel.kallsyms],try_charge_memcg
987010.0,3630138,python,[kernel.kallsyms],irqentry_exit_to_user_mode
986974.0,3630150,python,[JIT],0x0000725dcca7a288
986966.0,3630138,python,[kernel.kallsyms],error_return
986750.0,3630138,python,[kernel.kallsyms],__intel_pmu_enable_all.isra.0
986681.0,3630172,python,[kernel.kallsyms],mem_cgroup_commit_charge
986651.0,3630172,python,[JIT],0x00007ed5d015317d
986646.0,3630195,python,[kernel.kallsyms],_raw_spin_unlock
986645.0,3630172,python,[kernel.kallsyms],__mod_memcg_lruvec_state
986613.0,3630138,python,[JIT],0x00007188088e12b1
986592.0,3630172,python,[kernel.kallsyms],__pte_offset_map_lock
986559.0,3630161,python,python,property_traverse
986545.0,3630172,python,python,PyLong_AsLongAndOverflow
986414.0,3630184,python,[kernel.kallsyms],sync_regs
986406.0,3630195,python,[kernel.kallsyms],alloc_pages_mpol
986312.0,3630172,python,[kernel.kallsyms],__mem_cgroup_charge
986300.0,3630172,python,python,operator_traverse
986108.0,3630206,python,[JIT],0x0000769fa398a288
986062.0,3630184,python,[kernel.kallsyms],get_vma_policy
985915.0,3630172,python,[JIT],0x00007ed5d0153263
985894.0,3630206,python,_bz2.cpython-316-x86_64-linux-gnu.so,_bz2_traverse
985710.0,3630150,python,[kernel.kallsyms],ktime_get
985692.0,3630206,python,[kernel.kallsyms],pipe_write
985616.0,3630150,python,[kernel.kallsyms],__ext4_handle_dirty_metadata
985458.0,3630172,python,[kernel.kallsyms],__rcu_read_unlock
985049.0,3630195,python,python,PyObject_Malloc
985044.0,3630150,python,[kernel.kallsyms],__mod_zone_page_state
984955.0,3630150,python,[kernel.kallsyms],do_brk_flags
984945.0,3630206,python,[JIT],0x0000769fa398a23c
984895.0,3630184,python,[kernel.kallsyms],handle_mm_fault
984573.0,3630206,python,python,PyObject_GetIter
984571.0,3630184,python,python,union_traverse
984368.0,3630195,python,[kernel.kallsyms],_raw_spin_trylock
983973.0,3630150,python,[JIT],0x0000725dcca7a290
983957.0,3630184,python,[kernel.kallsyms],fpregs_assert_state_consistent
983942.0,3630138,python,libc.so.6,malloc
983828.0,3630195,python,[kernel.kallsyms],get_pfnblock_flags_mask
983736.0,3630206,python,python,_Py_CallBuiltinClass_StackRef
983706.0,3630150,python,[kernel.kallsyms],perf_event_task_tick
983617.0,3630150,python,[kernel.kallsyms],native_irq_return_iret
983536.0,3630172,python,[JIT],0x00007ed5d01530ce
983378.0,3630172,python,[kernel.kallsyms],__mod_lruvec_state
983235.0,3630150,python,[kernel.kallsyms],pte_mkwrite
983084.0,3630172,python,[JIT],0x00007ed5d01531a6
983016.0,3630172,python,[JIT],0x00007ed5d001300a
982945.0,3630150,python,[kernel.kallsyms],down_read_trylock
982861.0,3630184,python,[JIT],0x00007010c9c90106
982842.0,3630138,python,python,_PyObject_Malloc
982817.0,3630184,python,[kernel.kallsyms],get_mem_cgroup_from_mm
982645.0,3630138,python,[JIT],0x00007188088e128c
982506.0,3630206,python,[kernel.kallsyms],mem_cgroup_commit_charge
982383.0,3630150,python,python,range_dealloc
982297.0,3630150,python,[kernel.kallsyms],native_write_msr
982274.0,3630138,python,_bz2.cpython-316-x86_64-linux-gnu.so,PyModule_GetState@plt
982250.0,3630138,python,[kernel.kallsyms],__pte_offset_map
982139.0,3630150,python,[kernel.kallsyms],folio_batch_move_lru
982073.0,3630172,python,[kernel.kallsyms],release_pages
982025.0,3630150,python,[kernel.kallsyms],perf_adjust_freq_unthr_context
982007.0,3630206,python,[kernel.kallsyms],error_return
981993.0,3630150,python,[JIT],0x0000725dcca7a290
981993.0,3630150,python,[kernel.kallsyms],native_apic_msr_eoi
981777.0,3630195,python,[kernel.kallsyms],lru_gen_add_folio
981752.0,3630172,python,[kernel.kallsyms],lock_vma_under_rcu
981681.0,3630184,python,[kernel.kallsyms],__alloc_pages
981598.0,3630206,python,[JIT],0x0000769fa398a2ae
981574.0,3630206,python,[kernel.kallsyms],_raw_spin_lock
981546.0,3630172,python,[JIT],0x00007ed5d015328c
981292.0,3630150,python,python,lazy_import_traverse
981282.0,3630138,python,[kernel.kallsyms],handle_mm_fault
981272.0,3630172,python,[JIT],0x00007ed5d0153216
981125.0,3630195,python,[kernel.kallsyms],__handle_mm_fault
981101.0,3630138,python,python,_PyObject_Free
981097.0,3630184,python,[kernel.kallsyms],error_entry
981079.0,3630150,python,[JIT],0x0000725dcca7a1dc
981054.0,3630195,python,[JIT],0x000072fc220162a8
980857.0,3630172,python,[kernel.kallsyms],mas_walk
980713.0,3630195,python,[kernel.kallsyms],lru_add_fn
980581.0,3630206,python,python,range_iter
980529.0,3630184,python,[JIT],0x00007010c9c901ee
980512.0,3630172,python,python,rangeiter_dealloc
980444.0,3630184,python,python,PyModule_GetState
980396.0,3630195,python,select.cpython-316-x86_64-linux-gnu.so,_select_traverse
980318.0,3630150,python,python,_PyObject_GC_New
980219.0,3630172,python,[JIT],0x00007ed5d01530e0
980208.0,3630195,python,python,method_traverse
979941.0,3630150,python,[kernel.kallsyms],__raw_spin_lock_irqsave
979771.0,3630172,python,[JIT],0x00007ed5d0153138
979761.0,3630206,python,python,PyCapsule_GetPointer
979740.0,3630206,python,[kernel.kallsyms],account_user_time
979688.0,3630206,python,[kernel.kallsyms],update_group_capacity
979573.0,3630138,python,[kernel.kallsyms],do_user_addr_fault
979373.0,3630161,python,[JIT],0x00007d29eab69266
979334.0,3630150,python,[kernel.kallsyms],__hrtimer_next_event_base
979217.0,3630150,python,[JIT],0x0000725dcca7a266
979196.0,3630150,python,[kernel.kallsyms],kmem_cache_free
979156.0,3630206,python,python,_PyObject_Free
979026.0,3630150,python,[JIT],0x0000725dcca7a28c
978990.0,3630184,python,[kernel.kallsyms],mas_walk
978656.0,3630138,python,[kernel.kallsyms],get_page_from_freelist
978578.0,3630172,python,[JIT],0x00007ed5d0153248
978491.0,3630161,python,[JIT],0x00007d29eab692ae
978419.0,3630184,python,zlib.cpython-316-x86_64-linux-gnu.so,zlib_traverse
978390.0,3630206,python,[kernel.kallsyms],arch_exit_to_user_mode_prepare.isra.0
978379.0,3630138,python,python,PyUnicode_New.part.0
978377.0,3630172,python,[kernel.kallsyms],get_page_from_freelist
978375.0,3630206,python,[JIT],0x0000769fa398a0b9
978320.0,3630184,python,[JIT],0x00007010c9c90188
978277.0,3630206,python,python,thread_module_traverse
978020.0,3630150,python,python,_Py_NewReference
977989.0,3630150,python,[JIT],0x0000725dcca7a251
977983.0,3630172,python,[JIT],0x00007ed5d0014132
977928.0,3630195,python,[kernel.kallsyms],mas_walk
977720.0,3630172,python,[JIT],0x00007ed5d0153188
977331.0,3630172,python,[JIT],0x00007ed5d01530a9
977309.0,3630195,python,[kernel.kallsyms],__lruvec_stat_mod_folio
977265.0,3630206,python,python,lazy_import_traverse
977261.0,3630206,python,python,strlen@plt
977222.0,3630184,python,[JIT],0x00007010c9c90266
977203.0,3630184,python,python,list_repeat
976759.0,3630150,python,python,PyModule_GetState
976646.0,3630206,python,python,_PyObject_VisitType
976533.0,3630195,python,[kernel.kallsyms],__count_memcg_events
976469.0,3630184,python,[kernel.kallsyms],free_unref_page_prepare
976060.0,3630206,python,[JIT],0x0000769fa398a0e3
975673.0,3630184,python,[kernel.kallsyms],clear_page_erms
975574.0,3630172,python,[JIT],0x00007ed5d01533ae
974968.0,3630206,python,[kernel.kallsyms],consume_stock
974919.0,3630172,python,[JIT],0x00007ed5d01530f5
974886.0,3630150,python,[JIT],0x0000725dcca7a1c6
974311.0,3630172,python,[kernel.kallsyms],lru_add_fn
974153.0,3630150,python,[kernel.kallsyms],post_alloc_hook
973976.0,3630172,python,[JIT],0x00007ed5d0153209
973780.0,3630184,python,python,_Py_CallBuiltinClass_StackRef
973663.0,3630150,python,[JIT],0x0000725dcca7a227
973248.0,3630161,python,[kernel.kallsyms],__irqentry_text_end
972603.0,3630195,python,[kernel.kallsyms],try_charge_memcg
972561.0,3630184,python,[JIT],0x00007010c9c90227
972077.0,3630150,python,[JIT],0x0000725dcca7a0b9
971993.0,3630138,python,[kernel.kallsyms],__mod_lruvec_state
971022.0,3630150,python,[JIT],0x0000725dcca7a279
971015.0,3630172,python,[kernel.kallsyms],post_alloc_hook
970379.0,3630206,python,[kernel.kallsyms],rmqueue_bulk
970016.0,3630195,python,[JIT],0x000072fc222bf248
969736.0,3630172,python,[JIT],0x00007ed5d01533cd
969736.0,3630184,python,[JIT],0x00007010c9c901e8
969596.0,3630184,python,[kernel.kallsyms],update_rq_clock
969329.0,3630195,python,[kernel.kallsyms],mas_wr_end_piv
969257.0,3630138,python,[kernel.kallsyms],native_sched_clock
969079.0,3630195,python,[JIT],0x000072fc222bf22a
969007.0,3630172,python,[kernel.kallsyms],irqentry_enter_from_user_mode
968952.0,3630195,python,[JIT],0x000072fc222bf22d
968880.0,3630184,python,python,PyMem_Calloc
968626.0,3630150,python,[kernel.kallsyms],__sysvec_apic_timer_interrupt
968298.0,3630161,python,[JIT],0x00007d29eab69188
968174.0,3630150,python,python,unicode_dealloc
968056.0,3630184,python,python,PyObject_GetIter
968053.0,3630150,python,[kernel.kallsyms],__irqentry_text_end
967886.0,3630150,python,[kernel.kallsyms],acct_account_cputime
967808.0,3630138,python,[kernel.kallsyms],task_mm_cid_work
967784.0,3630150,python,[kernel.kallsyms],timekeeping_update
967741.0,3630138,python,[kernel.kallsyms],irq_exit_rcu
967691.0,3630206,python,[kernel.kallsyms],__rmqueue_pcplist
967539.0,3630138,python,select.cpython-316-x86_64-linux-gnu.so,PyModule_GetState@plt
967531.0,3630206,python,[kernel.kallsyms],handle_pte_fault
967366.0,3630195,python,[JIT],0x000072fc222bf0f5
967350.0,3630184,python,[kernel.kallsyms],__lruvec_stat_mod_folio
967270.0,3630195,python,[kernel.kallsyms],up_read
967100.0,3630138,python,_struct.cpython-316-x86_64-linux-gnu.so,s_traverse
967061.0,3630150,python,[kernel.kallsyms],pte_offset_map_nolock
966906.0,3630206,python,python,_abcmodule_traverse
966897.0,3630184,python,[kernel.kallsyms],handle_softirqs
966472.0,3630206,python,[JIT],0x0000769fa398a2b1
966238.0,3630161,python,[kernel.kallsyms],__handle_mm_fault
966161.0,3630195,python,[JIT],0x000072fc222bf23c
966033.0,3630195,python,[JIT],0x000072fc222bf1b6
965595.0,3630184,python,[JIT],0x00007010c9c90235
965249.0,3630195,python,[JIT],0x000072fc222bf2c0
965171.0,3630195,python,[kernel.kallsyms],asm_exc_page_fault
964635.0,3630172,python,[kernel.kallsyms],__mod_lruvec_state
962929.0,3630150,python,python,PyNumber_Multiply
961905.0,3630206,python,[JIT],0x0000769fa398a23c
961793.0,3630184,python,[kernel.kallsyms],pte_offset_map_nolock
961600.0,3630195,python,[kernel.kallsyms],vma_alloc_folio
960773.0,3630184,python,[JIT],0x00007010c9c90242
960747.0,3630150,python,[kernel.kallsyms],hrtimer_interrupt
959808.0,3630172,python,[kernel.kallsyms],folio_add_lru_vma
959447.0,3630184,python,[kernel.kallsyms],lru_gen_add_folio
959017.0,3630184,python,[kernel.kallsyms],__mod_lruvec_state
958436.0,3630150,python,[kernel.kallsyms],arch_exit_to_user_mode_prepare.isra.0
958417.0,3630195,python,[JIT],0x000072fc222bf263
958143.0,3630184,python,[JIT],0x00007010c9c90248
957991.0,3630195,python,[kernel.kallsyms],__pte_offset_map
957934.0,3630206,python,[kernel.kallsyms],__alloc_pages
956709.0,3630206,python,[kernel.kallsyms],handle_pte_fault
955901.0,3630161,python,[kernel.kallsyms],error_entry
955406.0,3630195,python,[kernel.kallsyms],__count_memcg_events
954989.0,3630195,python,[kernel.kallsyms],percpu_counter_add_batch
954812.0,3630172,python,[kernel.kallsyms],perf_adjust_freq_unthr_context
952644.0,3630195,python,[kernel.kallsyms],get_page_from_freelist
951415.0,3630206,python,[JIT],0x0000769fa398a18b
951314.0,3630195,python,[kernel.kallsyms],down_read_trylock
950672.0,3630150,python,[kernel.kallsyms],access_error
950253.0,3630161,python,[JIT],0x00007d29eab69279
949742.0,3630161,python,[JIT],0x00007d29eab690e3
948901.0,3630172,python,[kernel.kallsyms],count_memcg_events.constprop.0
947667.0,3630138,python,[kernel.kallsyms],lru_gen_del_folio.constprop.0
947631.0,3630184,python,[JIT],0x00007010c9c9023c
944273.0,3630195,python,[JIT],0x000072fc222bf11c
941508.0,3630206,python,[JIT],0x0000769fa398a235
940599.0,3630195,python,[kernel.kallsyms],do_anonymous_page
940305.0,3630138,python,[kernel.kallsyms],pte_offset_map_nolock
939629.0,3630172,python,[kernel.kallsyms],asm_exc_page_fault
939619.0,3630138,python,python,ga_traverse
938939.0,3630206,python,python,PyLong_AsLong
937771.0,3630206,python,[JIT],0x0000769fa398a255
936847.0,3630150,python,[kernel.kallsyms],lru_gen_add_folio
936782.0,3630150,python,[kernel.kallsyms],get_mem_cgroup_from_mm
935131.0,3630138,python,python,buffered_traverse
934753.0,3630206,python,[JIT],0x0000769fa398a209
934703.0,3630206,python,[JIT],0x0000769fa398a216
934688.0,3630195,python,libc.so.6,_int_malloc
930166.0,3630172,python,[kernel.kallsyms],lru_gen_add_folio
926525.0,3630150,python,[JIT],0x0000725dcca7a12b
925685.0,3630172,python,[JIT],0x00007ed5d01531c6
923039.0,3630172,python,[JIT],0x00007ed5d0153279
921805.0,3630184,python,[JIT],0x00007010c9c90275
920833.0,3630195,python,[kernel.kallsyms],error_entry
919707.0,3630172,python,[kernel.kallsyms],kthread_blkcg
918997.0,3630172,python,[JIT],0x00007ed5d015323f
917617.0,3630184,python,[kernel.kallsyms],__handle_mm_fault
915011.0,3630150,python,[JIT],0x0000725dcca7a22a
914946.0,3630206,python,[kernel.kallsyms],__count_memcg_events
913472.0,3630161,python,[kernel.kallsyms],get_mem_cgroup_from_mm
909243.0,3630184,python,[JIT],0x00007010c9c901b6
908724.0,3630195,python,[JIT],0x000072fc222bf1dc
908342.0,3630150,python,[JIT],0x0000725dcca7a209
906500.0,3630184,python,[kernel.kallsyms],percpu_counter_add_batch
904260.0,3630138,python,python,PyNumber_AsSsize_t
904165.0,3630184,python,python,PyLong_AsLong
904158.0,3630184,python,[kernel.kallsyms],folio_add_lru
904114.0,3630150,python,[JIT],0x0000725dcc57e04c
903941.0,3630150,python,[JIT],0x0000725dcc57f2fa
903453.0,3630206,python,[kernel.kallsyms],do_anonymous_page
901663.0,3630206,python,[kernel.kallsyms],do_user_addr_fault
901142.0,3630206,python,[kernel.kallsyms],__mod_zone_page_state
900120.0,3630195,python,[kernel.kallsyms],__mod_memcg_lruvec_state
899802.0,3630172,python,[kernel.kallsyms],__handle_mm_fault
898849.0,3630206,python,[JIT],0x0000769fa398a222
896301.0,3630195,python,[kernel.kallsyms],folio_add_lru
894131.0,3630184,python,[JIT],0x00007010c9c900ce
894085.0,3630195,python,[kernel.kallsyms],blk_cgroup_congested
893841.0,3630150,python,python,rangeiter_dealloc
879221.0,3630172,python,[JIT],0x00007ed5d0153227
874423.0,3630184,python,[JIT],0x00007010c9c901dc
873376.0,3630150,python,[JIT],0x0000725dcca7a216
872997.0,3630195,python,[JIT],0x000072fc222bf251
866892.0,3630172,python,[kernel.kallsyms],folio_add_new_anon_rmap
864964.0,3630195,python,python,PyLong_AsLong
864961.0,3630206,python,[JIT],0x0000769fa398a263
862977.0,3630206,python,[JIT],0x0000769fa398a12b
859355.0,3630172,python,[kernel.kallsyms],error_entry
850481.0,3630195,python,[kernel.kallsyms],__alloc_pages
848943.0,3630150,python,[kernel.kallsyms],lru_add_fn
848197.0,3630161,python,[JIT],0x00007d29eab69263
846439.0,3630172,python,[kernel.kallsyms],handle_mm_fault
843956.0,3630172,python,[kernel.kallsyms],_raw_spin_unlock
838441.0,3630206,python,[JIT],0x0000769fa398a164
838246.0,3630172,python,[JIT],0x00007ed5d0153060
838098.0,3630184,python,[JIT],0x00007010c9c902ae
836629.0,3630150,python,[JIT],0x0000725dcca7a263
833253.0,3630206,python,[kernel.kallsyms],entry_SYSRETQ_unsafe_stack
826177.0,3630172,python,[JIT],0x00007ed5d0153248
823005.0,3630150,python,python,_PyEval_EvalFrameDefault
822713.0,3630161,python,[JIT],0x00007d29eab69106
808409.0,3630150,python,[JIT],0x0000725dcca7a0e3
795510.0,3630161,python,[JIT],0x00007d29eab69209
785983.0,3630206,python,[kernel.kallsyms],__count_memcg_events
782043.0,3630195,python,[JIT],0x000072fc222bf115
779101.0,3630172,python,python,list_repeat
777479.0,3630184,python,[JIT],0x00007010c9c901a6
775486.0,3630150,python,[JIT],0x0000725dcca7a1ee
754445.0,3630184,python,[kernel.kallsyms],clear_page_erms
754359.0,3630195,python,[JIT],0x000072fc222bf1a6
742830.0,3630184,python,[JIT],0x00007010c9c90115
740637.0,3630150,python,python,list_repeat
722285.0,3630184,python,python,_PyEval_GetIter
720207.0,3630150,python,[JIT],0x0000725dcca7a188
708105.0,3630195,python,[JIT],0x000072fc222bf0b9
706480.0,3630206,python,[kernel.kallsyms],handle_mm_fault
696479.0,3630184,python,[JIT],0x00007010c9c900e3
694292.0,3630195,python,[JIT],0x000072fc222bf266
688189.0,3630172,python,python,_PyObject_Free
658671.0,3630206,python,[JIT],0x0000769fa398a22d
627146.0,3630206,python,[JIT],0x0000769fa398a227
625800.0,3630172,python,[JIT],0x00007ed5d01531ee
599321.0,3630184,python,[JIT],0x00007010c9c90284
593601.0,3630206,python,[JIT],0x0000769fa398a17a
580036.0,3630195,python,[JIT],0x000072fc222bf0a9
579510.0,3630184,python,python,_Py_Dealloc
550958.0,3630172,python,python,_PyEval_EvalFrameDefault
501454.0,3630195,python,[JIT],0x000072fc222bf216
429124.0,3630150,python,[kernel.kallsyms],next_uptodate_folio
427844.0,3630184,python,[kernel.kallsyms],__rcu_read_unlock
425762.0,3630161,python,python,_PyJit_translate_single_bytecode_to_trace
423566.0,3630172,python,python,_PyJit_translate_single_bytecode_to_trace
421709.0,3630195,python,python,PyObject_GC_UnTrack
388065.0,3630195,python,[kernel.kallsyms],arch_exit_to_user_mode_prepare.isra.0
249998.0,3630195,python,python,_PyEval_EvalFrameDefault
233142.0,3630150,python,[kernel.kallsyms],do_anonymous_page
231318.0,3630195,python,python,_PyObject_Calloc
230535.0,3630206,python,[kernel.kallsyms],_raw_spin_lock
229603.0,3630195,python,python,PyList_New.constprop.0
124999.0,3630206,python,python,deque_append
124999.0,3630206,python,python,make_range_object
124999.0,3630161,python,python,_Py_Specialize_Call
124999.0,3630138,python,python,PyMem_Calloc
124999.0,3630195,python,python,deque_append
124999.0,3630195,python,[JIT],0x000072fc222bf28c
124999.0,3630184,python,[JIT],0x00007010c9a142be
124999.0,3630184,python,python,dictiter_iternextvalue
124999.0,3630172,python,python,dictiter_iternextvalue
